ObjectName,ObjectUrl,Number
강원도 강릉시.jpg,https://picnic-image-s3.s3.ap-northeast-2.amazonaws.com/city directory/강원도 강릉시.jpg,0
강원도 고성군.jpg,https://picnic-image-s3.s3.ap-northeast-2.amazonaws.com/city directory/강원도 고성군.jpg,1
강원도 동해시.jpg,https://picnic-image-s3.s3.ap-northeast-2.amazonaws.com/city directory/강원도 동해시.jpg,2
강원도 삼척시.jpg,https://picnic-image-s3.s3.ap-northeast-2.amazonaws.com/city directory/강원도 삼척시.jpg,3
강원도 속초시.jpg,https://picnic-image-s3.s3.ap-northeast-2.amazonaws.com/city directory/강원도 속초시.jpg,4
강원도 양구군.jpg,https://picnic-image-s3.s3.ap-northeast-2.amazonaws.com/city directory/강원도 양구군.jpg,5
강원도 양양군.jpg,https://picnic-image-s3.s3.ap-northeast-2.amazonaws.com/city directory/강원도 양양군.jpg,6
강원도 영월군.jpg,https://picnic-image-s3.s3.ap-northeast-2.amazonaws.com/city directory/강원도 영월군.jpg,7
강원도 원주시.jpg,https://picnic-image-s3.s3.ap-northeast-2.amazonaws.com/city directory/강원도 원주시.jpg,8
강원도 인제군.jpg,https://picnic-image-s3.s3.ap-northeast-2.amazonaws.com/city directory/강원도 인제군.jpg,9
강원도 정선군.jpg,https://picnic-image-s3.s3.ap-northeast-2.amazonaws.com/city directory/강원도 정선군.jpg,10
강원도 철원군.jpg,https://picnic-image-s3.s3.ap-northeast-2.amazonaws.com/city directory/강원도 철원군.jpg,11
강원도 춘천시.jpg,https://picnic-image-s3.s3.ap-northeast-2.amazonaws.com/city directory/강원도 춘천시.jpg,12
강원도 태백시.jpg,https://picnic-image-s3.s3.ap-northeast-2.amazonaws.com/city directory/강원도 태백시.jpg,13
강원도 평창군.jpg,https://picnic-image-s3.s3.ap-northeast-2.amazonaws.com/city directory/강원도 평창군.jpg,14
강원도 홍천군.jpg,https://picnic-image-s3.s3.ap-northeast-2.amazonaws.com/city directory/강원도 홍천군.jpg,15
강원도 화천군.jpg,https://picnic-image-s3.s3.ap-northeast-2.amazonaws.com/city directory/강원도 화천군.jpg,16
강원도 횡성군.jpg,https://picnic-image-s3.s3.ap-northeast-2.amazonaws.com/city directory/강원도 횡성군.jpg,17
경기도 가평군.jpg,https://picnic-image-s3.s3.ap-northeast-2.amazonaws.com/city directory/경기도 가평군.jpg,18
경기도 고양시.jpg,https://picnic-image-s3.s3.ap-northeast-2.amazonaws.com/city directory/경기도 고양시.jpg,19
경기도 과천시.jpg,https://picnic-image-s3.s3.ap-northeast-2.amazonaws.com/city directory/경기도 과천시.jpg,20
경기도 광명시.jpg,https://picnic-image-s3.s3.ap-northeast-2.amazonaws.com/city directory/경기도 광명시.jpg,21
경기도 광주시.jpg,https://picnic-image-s3.s3.ap-northeast-2.amazonaws.com/city directory/경기도 광주시.jpg,22
경기도 구리시.jpg,https://picnic-image-s3.s3.ap-northeast-2.amazonaws.com/city directory/경기도 구리시.jpg,23
경기도 군포시.jpg,https://picnic-image-s3.s3.ap-northeast-2.amazonaws.com/city directory/경기도 군포시.jpg,24
경기도 김포시.jpg,https://picnic-image-s3.s3.ap-northeast-2.amazonaws.com/city directory/경기도 김포시.jpg,25
경기도 남양주시.jpg,https://picnic-image-s3.s3.ap-northeast-2.amazonaws.com/city directory/경기도 남양주시.jpg,26
경기도 동두천시.jpg,https://picnic-image-s3.s3.ap-northeast-2.amazonaws.com/city directory/경기도 동두천시.jpg,27
경기도 부천시.jpg,https://picnic-image-s3.s3.ap-northeast-2.amazonaws.com/city directory/경기도 부천시.jpg,28
경기도 성남시.jpg,https://picnic-image-s3.s3.ap-northeast-2.amazonaws.com/city directory/경기도 성남시.jpg,29
경기도 수원시.jpg,https://picnic-image-s3.s3.ap-northeast-2.amazonaws.com/city directory/경기도 수원시.jpg,30
경기도 시흥시.jpg,https://picnic-image-s3.s3.ap-northeast-2.amazonaws.com/city directory/경기도 시흥시.jpg,31
경기도 안산시.jpg,https://picnic-image-s3.s3.ap-northeast-2.amazonaws.com/city directory/경기도 안산시.jpg,32
경기도 안성시.jpg,https://picnic-image-s3.s3.ap-northeast-2.amazonaws.com/city directory/경기도 안성시.jpg,33
경기도 안양시.jpg,https://picnic-image-s3.s3.ap-northeast-2.amazonaws.com/city directory/경기도 안양시.jpg,34
경기도 양주시.jpg,https://picnic-image-s3.s3.ap-northeast-2.amazonaws.com/city directory/경기도 양주시.jpg,35
경기도 양평군.jpg,https://picnic-image-s3.s3.ap-northeast-2.amazonaws.com/city directory/경기도 양평군.jpg,36
경기도 여주군.jpg,https://picnic-image-s3.s3.ap-northeast-2.amazonaws.com/city directory/경기도 여주군.jpg,37
경기도 여주시.jpg,https://picnic-image-s3.s3.ap-northeast-2.amazonaws.com/city directory/경기도 여주시.jpg,38
경기도 연천군.jpg,https://picnic-image-s3.s3.ap-northeast-2.amazonaws.com/city directory/경기도 연천군.jpg,39
경기도 오산시.jpg,https://picnic-image-s3.s3.ap-northeast-2.amazonaws.com/city directory/경기도 오산시.jpg,40
경기도 용인시.jpg,https://picnic-image-s3.s3.ap-northeast-2.amazonaws.com/city directory/경기도 용인시.jpg,41
경기도 의왕시.jpg,https://picnic-image-s3.s3.ap-northeast-2.amazonaws.com/city directory/경기도 의왕시.jpg,42
경기도 의정부시.jpg,https://picnic-image-s3.s3.ap-northeast-2.amazonaws.com/city directory/경기도 의정부시.jpg,43
경기도 이천시.jpg,https://picnic-image-s3.s3.ap-northeast-2.amazonaws.com/city directory/경기도 이천시.jpg,44
경기도 파주시.jpg,https://picnic-image-s3.s3.ap-northeast-2.amazonaws.com/city directory/경기도 파주시.jpg,45
경기도 평택시.jpg,https://picnic-image-s3.s3.ap-northeast-2.amazonaws.com/city directory/경기도 평택시.jpg,46
경기도 포천시.jpg,https://picnic-image-s3.s3.ap-northeast-2.amazonaws.com/city directory/경기도 포천시.jpg,47
경기도 하남시.jpg,https://picnic-image-s3.s3.ap-northeast-2.amazonaws.com/city directory/경기도 하남시.jpg,48
경기도 화성시.jpg,https://picnic-image-s3.s3.ap-northeast-2.amazonaws.com/city directory/경기도 화성시.jpg,49
경상남도 거제시.jpg,https://picnic-image-s3.s3.ap-northeast-2.amazonaws.com/city directory/경상남도 거제시.jpg,50
경상남도 거창군.jpg,https://picnic-image-s3.s3.ap-northeast-2.amazonaws.com/city directory/경상남도 거창군.jpg,51
경상남도 고성군.jpg,https://picnic-image-s3.s3.ap-northeast-2.amazonaws.com/city directory/경상남도 고성군.jpg,52
경상남도 김해시.jpg,https://picnic-image-s3.s3.ap-northeast-2.amazonaws.com/city directory/경상남도 김해시.jpg,53
경상남도 남해군.jpg,https://picnic-image-s3.s3.ap-northeast-2.amazonaws.com/city directory/경상남도 남해군.jpg,54
경상남도 밀양시.jpg,https://picnic-image-s3.s3.ap-northeast-2.amazonaws.com/city directory/경상남도 밀양시.jpg,55
경상남도 사천시.jpg,https://picnic-image-s3.s3.ap-northeast-2.amazonaws.com/city directory/경상남도 사천시.jpg,56
경상남도 산청군.jpg,https://picnic-image-s3.s3.ap-northeast-2.amazonaws.com/city directory/경상남도 산청군.jpg,57
경상남도 양산시.jpg,https://picnic-image-s3.s3.ap-northeast-2.amazonaws.com/city directory/경상남도 양산시.jpg,58
경상남도 의령군.jpg,https://picnic-image-s3.s3.ap-northeast-2.amazonaws.com/city directory/경상남도 의령군.jpg,59
경상남도 진주시.jpg,https://picnic-image-s3.s3.ap-northeast-2.amazonaws.com/city directory/경상남도 진주시.jpg,60
경상남도 창녕군.jpg,https://picnic-image-s3.s3.ap-northeast-2.amazonaws.com/city directory/경상남도 창녕군.jpg,61
경상남도 창원시.jpg,https://picnic-image-s3.s3.ap-northeast-2.amazonaws.com/city directory/경상남도 창원시.jpg,62
경상남도 통영시.jpg,https://picnic-image-s3.s3.ap-northeast-2.amazonaws.com/city directory/경상남도 통영시.jpg,63
경상남도 하동군.jpg,https://picnic-image-s3.s3.ap-northeast-2.amazonaws.com/city directory/경상남도 하동군.jpg,64
경상남도 함안군.jpg,https://picnic-image-s3.s3.ap-northeast-2.amazonaws.com/city directory/경상남도 함안군.jpg,65
경상남도 함양군.jpg,https://picnic-image-s3.s3.ap-northeast-2.amazonaws.com/city directory/경상남도 함양군.jpg,66
경상남도 합천군.jpg,https://picnic-image-s3.s3.ap-northeast-2.amazonaws.com/city directory/경상남도 합천군.jpg,67
경상북도 경산시.jpg,https://picnic-image-s3.s3.ap-northeast-2.amazonaws.com/city directory/경상북도 경산시.jpg,68
경상북도 경주시.jpg,https://picnic-image-s3.s3.ap-northeast-2.amazonaws.com/city directory/경상북도 경주시.jpg,69
경상북도 고령군.jpg,https://picnic-image-s3.s3.ap-northeast-2.amazonaws.com/city directory/경상북도 고령군.jpg,70
경상북도 구미시.jpg,https://picnic-image-s3.s3.ap-northeast-2.amazonaws.com/city directory/경상북도 구미시.jpg,71
경상북도 김천시.jpg,https://picnic-image-s3.s3.ap-northeast-2.amazonaws.com/city directory/경상북도 김천시.jpg,72
경상북도 문경시.jpg,https://picnic-image-s3.s3.ap-northeast-2.amazonaws.com/city directory/경상북도 문경시.jpg,73
경상북도 봉화군.jpg,https://picnic-image-s3.s3.ap-northeast-2.amazonaws.com/city directory/경상북도 봉화군.jpg,74
경상북도 상주시.jpg,https://picnic-image-s3.s3.ap-northeast-2.amazonaws.com/city directory/경상북도 상주시.jpg,75
경상북도 성주군.jpg,https://picnic-image-s3.s3.ap-northeast-2.amazonaws.com/city directory/경상북도 성주군.jpg,76
경상북도 안동시.jpg,https://picnic-image-s3.s3.ap-northeast-2.amazonaws.com/city directory/경상북도 안동시.jpg,77
경상북도 영덕군.jpg,https://picnic-image-s3.s3.ap-northeast-2.amazonaws.com/city directory/경상북도 영덕군.jpg,78
경상북도 영양군.jpg,https://picnic-image-s3.s3.ap-northeast-2.amazonaws.com/city directory/경상북도 영양군.jpg,79
경상북도 영주시.jpg,https://picnic-image-s3.s3.ap-northeast-2.amazonaws.com/city directory/경상북도 영주시.jpg,80
경상북도 영천시.jpg,https://picnic-image-s3.s3.ap-northeast-2.amazonaws.com/city directory/경상북도 영천시.jpg,81
경상북도 예천군.jpg,https://picnic-image-s3.s3.ap-northeast-2.amazonaws.com/city directory/경상북도 예천군.jpg,82
경상북도 울릉군.jpg,https://picnic-image-s3.s3.ap-northeast-2.amazonaws.com/city directory/경상북도 울릉군.jpg,83
경상북도 울진군.jpg,https://picnic-image-s3.s3.ap-northeast-2.amazonaws.com/city directory/경상북도 울진군.jpg,84
경상북도 의성군.jpg,https://picnic-image-s3.s3.ap-northeast-2.amazonaws.com/city directory/경상북도 의성군.jpg,85
경상북도 청도군.jpg,https://picnic-image-s3.s3.ap-northeast-2.amazonaws.com/city directory/경상북도 청도군.jpg,86
경상북도 청송군.jpg,https://picnic-image-s3.s3.ap-northeast-2.amazonaws.com/city directory/경상북도 청송군.jpg,87
경상북도 칠곡군.jpg,https://picnic-image-s3.s3.ap-northeast-2.amazonaws.com/city directory/경상북도 칠곡군.jpg,88
경상북도 포항시.jpg,https://picnic-image-s3.s3.ap-northeast-2.amazonaws.com/city directory/경상북도 포항시.jpg,89
광주광역시.jpg,https://picnic-image-s3.s3.ap-northeast-2.amazonaws.com/city directory/광주광역시.jpg,90
대구광역시.jpg,https://picnic-image-s3.s3.ap-northeast-2.amazonaws.com/city directory/대구광역시.jpg,91
대전광역시.jpg,https://picnic-image-s3.s3.ap-northeast-2.amazonaws.com/city directory/대전광역시.jpg,92
부산광역시.jpg,https://picnic-image-s3.s3.ap-northeast-2.amazonaws.com/city directory/부산광역시.jpg,93
서울특별시.jpg,https://picnic-image-s3.s3.ap-northeast-2.amazonaws.com/city directory/서울특별시.jpg,94
세종특별자치시.jpg,https://picnic-image-s3.s3.ap-northeast-2.amazonaws.com/city directory/세종특별자치시.jpg,95
울산광역시.jpg,https://picnic-image-s3.s3.ap-northeast-2.amazonaws.com/city directory/울산광역시.jpg,96
인천광역시.jpg,https://picnic-image-s3.s3.ap-northeast-2.amazonaws.com/city directory/인천광역시.jpg,97
전라남도 강진군.jpg,https://picnic-image-s3.s3.ap-northeast-2.amazonaws.com/city directory/전라남도 강진군.jpg,98
전라남도 고흥군.jpg,https://picnic-image-s3.s3.ap-northeast-2.amazonaws.com/city directory/전라남도 고흥군.jpg,99
전라남도 곡성군.jpg,https://picnic-image-s3.s3.ap-northeast-2.amazonaws.com/city directory/전라남도 곡성군.jpg,100
전라남도 광양시.jpg,https://picnic-image-s3.s3.ap-northeast-2.amazonaws.com/city directory/전라남도 광양시.jpg,101
전라남도 구례군.jpg,https://picnic-image-s3.s3.ap-northeast-2.amazonaws.com/city directory/전라남도 구례군.jpg,102
전라남도 나주시.jpg,https://picnic-image-s3.s3.ap-northeast-2.amazonaws.com/city directory/전라남도 나주시.jpg,103
전라남도 담양군.jpg,https://picnic-image-s3.s3.ap-northeast-2.amazonaws.com/city directory/전라남도 담양군.jpg,104
전라남도 목포시.jpg,https://picnic-image-s3.s3.ap-northeast-2.amazonaws.com/city directory/전라남도 목포시.jpg,105
전라남도 무안군.jpg,https://picnic-image-s3.s3.ap-northeast-2.amazonaws.com/city directory/전라남도 무안군.jpg,106
전라남도 보성군.jpg,https://picnic-image-s3.s3.ap-northeast-2.amazonaws.com/city directory/전라남도 보성군.jpg,107
전라남도 순천시.jpg,https://picnic-image-s3.s3.ap-northeast-2.amazonaws.com/city directory/전라남도 순천시.jpg,108
전라남도 신안군.jpg,https://picnic-image-s3.s3.ap-northeast-2.amazonaws.com/city directory/전라남도 신안군.jpg,109
전라남도 여수시.jpg,https://picnic-image-s3.s3.ap-northeast-2.amazonaws.com/city directory/전라남도 여수시.jpg,110
전라남도 영광군.jpg,https://picnic-image-s3.s3.ap-northeast-2.amazonaws.com/city directory/전라남도 영광군.jpg,111
전라남도 영암군.jpg,https://picnic-image-s3.s3.ap-northeast-2.amazonaws.com/city directory/전라남도 영암군.jpg,112
전라남도 완도군.jpg,https://picnic-image-s3.s3.ap-northeast-2.amazonaws.com/city directory/전라남도 완도군.jpg,113
전라남도 장성군.jpg,https://picnic-image-s3.s3.ap-northeast-2.amazonaws.com/city directory/전라남도 장성군.jpg,114
전라남도 장흥군.jpg,https://picnic-image-s3.s3.ap-northeast-2.amazonaws.com/city directory/전라남도 장흥군.jpg,115
전라남도 진도군.jpg,https://picnic-image-s3.s3.ap-northeast-2.amazonaws.com/city directory/전라남도 진도군.jpg,116
전라남도 함평군.jpg,https://picnic-image-s3.s3.ap-northeast-2.amazonaws.com/city directory/전라남도 함평군.jpg,117
전라남도 해남군.jpg,https://picnic-image-s3.s3.ap-northeast-2.amazonaws.com/city directory/전라남도 해남군.jpg,118
전라남도 화순군.jpg,https://picnic-image-s3.s3.ap-northeast-2.amazonaws.com/city directory/전라남도 화순군.jpg,119
전라북도 고창군.jpg,https://picnic-image-s3.s3.ap-northeast-2.amazonaws.com/city directory/전라북도 고창군.jpg,120
전라북도 군산시.jpg,https://picnic-image-s3.s3.ap-northeast-2.amazonaws.com/city directory/전라북도 군산시.jpg,121
전라북도 김제시.jpg,https://picnic-image-s3.s3.ap-northeast-2.amazonaws.com/city directory/전라북도 김제시.jpg,122
전라북도 남원시.jpg,https://picnic-image-s3.s3.ap-northeast-2.amazonaws.com/city directory/전라북도 남원시.jpg,123
전라북도 무주군.jpg,https://picnic-image-s3.s3.ap-northeast-2.amazonaws.com/city directory/전라북도 무주군.jpg,124
전라북도 부안군.jpg,https://picnic-image-s3.s3.ap-northeast-2.amazonaws.com/city directory/전라북도 부안군.jpg,125
전라북도 순창군.jpg,https://picnic-image-s3.s3.ap-northeast-2.amazonaws.com/city directory/전라북도 순창군.jpg,126
전라북도 완주군.jpg,https://picnic-image-s3.s3.ap-northeast-2.amazonaws.com/city directory/전라북도 완주군.jpg,127
전라북도 익산시.jpg,https://picnic-image-s3.s3.ap-northeast-2.amazonaws.com/city directory/전라북도 익산시.jpg,128
전라북도 임실군.jpg,https://picnic-image-s3.s3.ap-northeast-2.amazonaws.com/city directory/전라북도 임실군.jpg,129
전라북도 장수군.jpg,https://picnic-image-s3.s3.ap-northeast-2.amazonaws.com/city directory/전라북도 장수군.jpg,130
전라북도 전주시.jpg,https://picnic-image-s3.s3.ap-northeast-2.amazonaws.com/city directory/전라북도 전주시.jpg,131
전라북도 정읍시.jpg,https://picnic-image-s3.s3.ap-northeast-2.amazonaws.com/city directory/전라북도 정읍시.jpg,132
전라북도 진안군.jpg,https://picnic-image-s3.s3.ap-northeast-2.amazonaws.com/city directory/전라북도 진안군.jpg,133
제주도 서귀포시.jpg,https://picnic-image-s3.s3.ap-northeast-2.amazonaws.com/city directory/제주도 서귀포시.jpg,134
제주도 제주시.jpg,https://picnic-image-s3.s3.ap-northeast-2.amazonaws.com/city directory/제주도 제주시.jpg,135
충척북도 충주시.jpg,https://picnic-image-s3.s3.ap-northeast-2.amazonaws.com/city directory/충척북도 충주시.jpg,136
충청남도 계룡시.jpg,https://picnic-image-s3.s3.ap-northeast-2.amazonaws.com/city directory/충청남도 계룡시.jpg,137
충청남도 공주시.jpg,https://picnic-image-s3.s3.ap-northeast-2.amazonaws.com/city directory/충청남도 공주시.jpg,138
충청남도 금산군.jpg,https://picnic-image-s3.s3.ap-northeast-2.amazonaws.com/city directory/충청남도 금산군.jpg,139
충청남도 논산시.jpg,https://picnic-image-s3.s3.ap-northeast-2.amazonaws.com/city directory/충청남도 논산시.jpg,140
충청남도 당진시.jpg,https://picnic-image-s3.s3.ap-northeast-2.amazonaws.com/city directory/충청남도 당진시.jpg,141
충청남도 보령시.jpg,https://picnic-image-s3.s3.ap-northeast-2.amazonaws.com/city directory/충청남도 보령시.jpg,142
충청남도 부여군.jpg,https://picnic-image-s3.s3.ap-northeast-2.amazonaws.com/city directory/충청남도 부여군.jpg,143
충청남도 서산시.jpg,https://picnic-image-s3.s3.ap-northeast-2.amazonaws.com/city directory/충청남도 서산시.jpg,144
충청남도 서천군.jpg,https://picnic-image-s3.s3.ap-northeast-2.amazonaws.com/city directory/충청남도 서천군.jpg,145
충청남도 아산시.jpg,https://picnic-image-s3.s3.ap-northeast-2.amazonaws.com/city directory/충청남도 아산시.jpg,146
충청남도 예산군.jpg,https://picnic-image-s3.s3.ap-northeast-2.amazonaws.com/city directory/충청남도 예산군.jpg,147
충청남도 천안시.jpg,https://picnic-image-s3.s3.ap-northeast-2.amazonaws.com/city directory/충청남도 천안시.jpg,148
충청남도 청양군.jpg,https://picnic-image-s3.s3.ap-northeast-2.amazonaws.com/city directory/충청남도 청양군.jpg,149
충청남도 태안군.jpg,https://picnic-image-s3.s3.ap-northeast-2.amazonaws.com/city directory/충청남도 태안군.jpg,150
충청남도 홍성군.jpg,https://picnic-image-s3.s3.ap-northeast-2.amazonaws.com/city directory/충청남도 홍성군.jpg,151
충청북도 괴산군.jpg,https://picnic-image-s3.s3.ap-northeast-2.amazonaws.com/city directory/충청북도 괴산군.jpg,152
충청북도 단양군.jpg,https://picnic-image-s3.s3.ap-northeast-2.amazonaws.com/city directory/충청북도 단양군.jpg,153
충청북도 보은군.jpg,https://picnic-image-s3.s3.ap-northeast-2.amazonaws.com/city directory/충청북도 보은군.jpg,154
충청북도 영동군.jpg,https://picnic-image-s3.s3.ap-northeast-2.amazonaws.com/city directory/충청북도 영동군.jpg,155
충청북도 옥천군.png,https://picnic-image-s3.s3.ap-northeast-2.amazonaws.com/city directory/충청북도 옥천군.png,156
충청북도 음성군.jpg,https://picnic-image-s3.s3.ap-northeast-2.amazonaws.com/city directory/충청북도 음성군.jpg,157
충청북도 제천시.jpg,https://picnic-image-s3.s3.ap-northeast-2.amazonaws.com/city directory/충청북도 제천시.jpg,158
충청북도 증평군.jpg,https://picnic-image-s3.s3.ap-northeast-2.amazonaws.com/city directory/충청북도 증평군.jpg,159
충청북도 진천군.jpg,https://picnic-image-s3.s3.ap-northeast-2.amazonaws.com/city directory/충청북도 진천군.jpg,160
충청북도 청주시.jpg,https://picnic-image-s3.s3.ap-northeast-2.amazonaws.com/city directory/충청북도 청주시.jpg,161
